,ds,Positive,Negative,Neutral
0,2012-05-18,46.0,18.0,36.0
1,2012-05-21,,,
2,2012-05-22,,,
3,2012-05-23,,,
4,2012-05-24,,,
5,2012-05-25,,,
6,2012-05-29,,,
7,2012-05-30,,,
8,2012-05-31,,,
9,2012-06-01,,,
10,2012-06-04,,,
11,2012-06-05,,,
12,2012-06-06,,,
13,2012-06-07,,,
14,2012-06-08,,,
15,2012-06-11,,,
16,2012-06-12,,,
17,2012-06-13,,,
18,2012-06-14,,,
19,2012-06-15,,,
20,2012-06-18,,,
21,2012-06-19,,,
22,2012-06-20,,,
23,2012-06-21,,,
24,2012-06-22,,,
25,2012-06-25,,,
26,2012-06-26,,,
27,2012-06-27,,,
28,2012-06-28,,,
29,2012-06-29,,,
30,2012-07-02,,,
31,2012-07-03,,,
32,2012-07-05,,,
33,2012-07-06,,,
34,2012-07-09,,,
35,2012-07-10,,,
36,2012-07-11,,,
37,2012-07-12,,,
38,2012-07-13,,,
39,2012-07-16,,,
40,2012-07-17,,,
41,2012-07-18,,,
42,2012-07-19,,,
43,2012-07-20,,,
44,2012-07-23,,,
45,2012-07-24,,,
46,2012-07-25,,,
47,2012-07-26,,,
48,2012-07-27,,,
49,2012-07-30,,,
50,2012-07-31,,,
51,2012-08-01,,,
52,2012-08-02,,,
53,2012-08-03,,,
54,2012-08-06,,,
55,2012-08-07,,,
56,2012-08-08,,,
57,2012-08-09,,,
58,2012-08-10,,,
59,2012-08-13,,,
60,2012-08-14,,,
61,2012-08-15,,,
62,2012-08-16,,,
63,2012-08-17,,,
64,2012-08-20,,,
65,2012-08-21,,,
66,2012-08-22,,,
67,2012-08-23,,,
68,2012-08-24,,,
69,2012-08-27,,,
70,2012-08-28,,,
71,2012-08-29,,,
72,2012-08-30,,,
73,2012-08-31,,,
74,2012-09-04,,,
75,2012-09-05,,,
76,2012-09-06,,,
77,2012-09-07,,,
78,2012-09-10,,,
79,2012-09-11,,,
80,2012-09-12,,,
81,2012-09-13,,,
82,2012-09-14,,,
83,2012-09-17,,,
84,2012-09-18,,,
85,2012-09-19,,,
86,2012-09-20,,,
87,2012-09-21,,,
88,2012-09-24,,,
89,2012-09-25,,,
90,2012-09-26,,,
91,2012-09-27,,,
92,2012-09-28,,,
93,2012-10-01,,,
94,2012-10-02,,,
95,2012-10-03,,,
96,2012-10-04,,,
97,2012-10-05,,,
98,2012-10-08,,,
99,2012-10-09,,,
100,2012-10-10,,,
101,2012-10-11,,,
102,2012-10-12,,,
103,2012-10-15,,,
104,2012-10-16,,,
105,2012-10-17,,,
106,2012-10-18,,,
107,2012-10-19,,,
108,2012-10-22,,,
109,2012-10-23,,,
110,2012-10-24,,,
111,2012-10-25,,,
112,2012-10-26,,,
113,2012-10-31,,,
114,2012-11-01,,,
115,2012-11-02,,,
116,2012-11-05,,,
117,2012-11-06,,,
118,2012-11-07,,,
119,2012-11-08,,,
120,2012-11-09,,,
121,2012-11-12,,,
122,2012-11-13,,,
123,2012-11-14,,,
124,2012-11-15,,,
125,2012-11-16,,,
126,2012-11-19,,,
127,2012-11-20,,,
128,2012-11-21,,,
129,2012-11-23,,,
130,2012-11-26,,,
131,2012-11-27,,,
132,2012-11-28,,,
133,2012-11-29,,,
134,2012-11-30,,,
135,2012-12-03,,,
136,2012-12-04,,,
137,2012-12-05,,,
138,2012-12-06,,,
139,2012-12-07,,,
140,2012-12-10,,,
141,2012-12-11,,,
142,2012-12-12,,,
143,2012-12-13,,,
144,2012-12-14,,,
145,2012-12-17,,,
146,2012-12-18,,,
147,2012-12-19,,,
148,2012-12-20,,,
149,2012-12-21,,,
150,2012-12-24,,,
151,2012-12-26,,,
152,2012-12-27,,,
153,2012-12-28,,,
154,2012-12-31,,,
155,2013-01-02,,,
156,2013-01-03,,,
157,2013-01-04,,,
158,2013-01-07,,,
159,2013-01-08,,,
160,2013-01-09,,,
161,2013-01-10,,,
162,2013-01-11,,,
163,2013-01-14,,,
164,2013-01-15,,,
165,2013-01-16,,,
166,2013-01-17,,,
167,2013-01-18,,,
168,2013-01-22,,,
169,2013-01-23,,,
170,2013-01-24,,,
171,2013-01-25,,,
172,2013-01-28,,,
173,2013-01-29,,,
174,2013-01-30,,,
175,2013-01-31,,,
176,2013-02-01,,,
177,2013-02-04,,,
178,2013-02-05,,,
179,2013-02-06,,,
180,2013-02-07,,,
181,2013-02-08,,,
182,2013-02-11,,,
183,2013-02-12,,,
184,2013-02-13,,,
185,2013-02-14,,,
186,2013-02-15,,,
187,2013-02-19,,,
188,2013-02-20,,,
189,2013-02-21,,,
190,2013-02-22,,,
191,2013-02-25,,,
192,2013-02-26,,,
193,2013-02-27,,,
194,2013-02-28,,,
195,2013-03-01,,,
196,2013-03-04,,,
197,2013-03-05,,,
198,2013-03-06,,,
199,2013-03-07,,,
200,2013-03-08,,,
201,2013-03-11,,,
202,2013-03-12,,,
203,2013-03-13,,,
204,2013-03-14,,,
205,2013-03-15,,,
206,2013-03-18,,,
207,2013-03-19,,,
208,2013-03-20,,,
209,2013-03-21,,,
210,2013-03-22,,,
211,2013-03-25,,,
212,2013-03-26,,,
213,2013-03-27,,,
214,2013-03-28,,,
215,2013-04-01,,,
216,2013-04-02,,,
217,2013-04-03,,,
218,2013-04-04,,,
219,2013-04-05,,,
220,2013-04-08,,,
221,2013-04-09,,,
222,2013-04-10,,,
223,2013-04-11,,,
224,2013-04-12,,,
225,2013-04-15,,,
226,2013-04-16,,,
227,2013-04-17,,,
228,2013-04-18,,,
229,2013-04-19,,,
230,2013-04-22,,,
231,2013-04-23,,,
232,2013-04-24,,,
233,2013-04-25,,,
234,2013-04-26,,,
235,2013-04-29,,,
236,2013-04-30,,,
237,2013-05-01,,,
238,2013-05-02,,,
239,2013-05-03,,,
240,2013-05-06,,,
241,2013-05-07,,,
242,2013-05-08,,,
243,2013-05-09,,,
244,2013-05-10,,,
245,2013-05-13,,,
246,2013-05-14,,,
247,2013-05-15,,,
248,2013-05-16,,,
249,2013-05-17,,,
250,2013-05-20,,,
251,2013-05-21,,,
252,2013-05-22,,,
253,2013-05-23,,,
254,2013-05-24,,,
255,2013-05-28,,,
256,2013-05-29,,,
257,2013-05-30,,,
258,2013-05-31,,,
259,2013-06-03,,,
260,2013-06-04,,,
261,2013-06-05,,,
262,2013-06-06,,,
263,2013-06-07,,,
264,2013-06-10,,,
265,2013-06-11,,,
266,2013-06-12,,,
267,2013-06-13,,,
268,2013-06-14,,,
269,2013-06-17,,,
270,2013-06-18,,,
271,2013-06-19,,,
272,2013-06-20,,,
273,2013-06-21,,,
274,2013-06-24,,,
275,2013-06-25,,,
276,2013-06-26,,,
277,2013-06-27,,,
278,2013-06-28,,,
279,2013-07-01,,,
280,2013-07-02,,,
281,2013-07-03,,,
282,2013-07-05,,,
283,2013-07-08,,,
284,2013-07-09,,,
285,2013-07-10,,,
286,2013-07-11,,,
287,2013-07-12,,,
288,2013-07-15,,,
289,2013-07-16,,,
290,2013-07-17,,,
291,2013-07-18,,,
292,2013-07-19,,,
293,2013-07-22,,,
294,2013-07-23,,,
295,2013-07-24,,,
296,2013-07-25,,,
297,2013-07-26,,,
298,2013-07-29,,,
299,2013-07-30,,,
300,2013-07-31,,,
301,2013-08-01,,,
302,2013-08-02,,,
303,2013-08-05,,,
304,2013-08-06,,,
305,2013-08-07,,,
306,2013-08-08,,,
307,2013-08-09,,,
308,2013-08-12,,,
309,2013-08-13,,,
310,2013-08-14,,,
311,2013-08-15,,,
312,2013-08-16,,,
313,2013-08-19,,,
314,2013-08-20,,,
315,2013-08-21,,,
316,2013-08-22,,,
317,2013-08-23,,,
318,2013-08-26,,,
319,2013-08-27,,,
320,2013-08-28,,,
321,2013-08-29,,,
322,2013-08-30,,,
323,2013-09-03,,,
324,2013-09-04,,,
325,2013-09-05,,,
326,2013-09-06,,,
327,2013-09-09,,,
328,2013-09-10,,,
329,2013-09-11,,,
330,2013-09-12,,,
331,2013-09-13,,,
332,2013-09-16,,,
333,2013-09-17,,,
334,2013-09-18,,,
335,2013-09-19,,,
336,2013-09-20,,,
337,2013-09-23,,,
338,2013-09-24,,,
339,2013-09-25,,,
340,2013-09-26,,,
341,2013-09-27,,,
342,2013-09-30,,,
343,2013-10-01,,,
344,2013-10-02,,,
345,2013-10-03,,,
346,2013-10-04,,,
347,2013-10-07,,,
348,2013-10-08,,,
349,2013-10-09,,,
350,2013-10-10,,,
351,2013-10-11,,,
352,2013-10-14,,,
353,2013-10-15,,,
354,2013-10-16,,,
355,2013-10-17,,,
356,2013-10-18,,,
357,2013-10-21,,,
358,2013-10-22,,,
359,2013-10-23,,,
360,2013-10-24,,,
361,2013-10-25,,,
362,2013-10-28,,,
363,2013-10-29,,,
364,2013-10-30,,,
365,2013-10-31,,,
366,2013-11-01,,,
367,2013-11-04,,,
368,2013-11-05,,,
369,2013-11-06,,,
370,2013-11-07,,,
371,2013-11-08,,,
372,2013-11-11,,,
373,2013-11-12,,,
374,2013-11-13,,,
375,2013-11-14,,,
376,2013-11-15,,,
377,2013-11-18,,,
378,2013-11-19,,,
379,2013-11-20,,,
380,2013-11-21,,,
381,2013-11-22,,,
382,2013-11-25,,,
383,2013-11-26,,,
384,2013-11-27,,,
385,2013-11-29,,,
386,2013-12-02,,,
387,2013-12-03,,,
388,2013-12-04,,,
389,2013-12-05,,,
390,2013-12-06,,,
391,2013-12-09,,,
392,2013-12-10,,,
393,2013-12-11,,,
394,2013-12-12,,,
395,2013-12-13,,,
396,2013-12-16,,,
397,2013-12-17,,,
398,2013-12-18,,,
399,2013-12-19,,,
400,2013-12-20,,,
401,2013-12-23,,,
402,2013-12-24,,,
403,2013-12-26,,,
404,2013-12-27,,,
405,2013-12-30,,,
406,2013-12-31,,,
407,2014-01-02,,,
408,2014-01-03,,,
409,2014-01-06,,,
410,2014-01-07,,,
411,2014-01-08,,,
412,2014-01-09,,,
413,2014-01-10,,,
414,2014-01-13,,,
415,2014-01-14,,,
416,2014-01-15,,,
417,2014-01-16,,,
418,2014-01-17,,,
419,2014-01-21,,,
420,2014-01-22,,,
421,2014-01-23,,,
422,2014-01-24,,,
423,2014-01-27,,,
424,2014-01-28,,,
425,2014-01-29,,,
426,2014-01-30,,,
427,2014-01-31,,,
428,2014-02-03,,,
429,2014-02-04,,,
430,2014-02-05,,,
431,2014-02-06,,,
432,2014-02-07,,,
433,2014-02-10,,,
434,2014-02-11,,,
435,2014-02-12,,,
436,2014-02-13,,,
437,2014-02-14,,,
438,2014-02-18,,,
439,2014-02-19,,,
440,2014-02-20,,,
441,2014-02-21,,,
442,2014-02-24,,,
443,2014-02-25,,,
444,2014-02-26,,,
445,2014-02-27,,,
446,2014-02-28,,,
447,2014-03-03,,,
448,2014-03-04,,,
449,2014-03-05,,,
450,2014-03-06,,,
451,2014-03-07,,,
452,2014-03-10,,,
453,2014-03-11,,,
454,2014-03-12,,,
455,2014-03-13,,,
456,2014-03-14,,,
457,2014-03-17,,,
458,2014-03-18,,,
459,2014-03-19,,,
460,2014-03-20,,,
461,2014-03-21,,,
462,2014-03-24,,,
463,2014-03-25,,,
464,2014-03-26,,,
465,2014-03-27,,,
466,2014-03-28,,,
467,2014-03-31,,,
468,2014-04-01,,,
469,2014-04-02,,,
470,2014-04-03,,,
471,2014-04-04,,,
472,2014-04-07,,,
473,2014-04-08,,,
474,2014-04-09,,,
475,2014-04-10,,,
476,2014-04-11,,,
477,2014-04-14,,,
478,2014-04-15,,,
479,2014-04-16,,,
480,2014-04-17,,,
481,2014-04-21,,,
482,2014-04-22,,,
483,2014-04-23,,,
484,2014-04-24,,,
485,2014-04-25,,,
486,2014-04-28,,,
487,2014-04-29,,,
488,2014-04-30,,,
489,2014-05-01,,,
490,2014-05-02,,,
491,2014-05-05,,,
492,2014-05-06,,,
493,2014-05-07,,,
494,2014-05-08,,,
495,2014-05-09,,,
496,2014-05-12,,,
497,2014-05-13,,,
498,2014-05-14,,,
499,2014-05-15,,,
500,2014-05-16,,,
501,2014-05-19,,,
502,2014-05-20,,,
503,2014-05-21,,,
504,2014-05-22,,,
505,2014-05-23,,,
506,2014-05-27,,,
507,2014-05-28,,,
508,2014-05-29,,,
509,2014-05-30,,,
510,2014-06-02,,,
511,2014-06-03,,,
512,2014-06-04,,,
513,2014-06-05,,,
514,2014-06-06,,,
515,2014-06-09,,,
516,2014-06-10,,,
517,2014-06-11,,,
518,2014-06-12,,,
519,2014-06-13,,,
520,2014-06-16,,,
521,2014-06-17,,,
522,2014-06-18,,,
523,2014-06-19,,,
524,2014-06-20,,,
525,2014-06-23,,,
526,2014-06-24,,,
527,2014-06-25,,,
528,2014-06-26,,,
529,2014-06-27,,,
530,2014-06-30,,,
531,2014-07-01,,,
532,2014-07-02,,,
533,2014-07-03,,,
534,2014-07-07,,,
535,2014-07-08,,,
536,2014-07-09,,,
537,2014-07-10,,,
538,2014-07-11,,,
539,2014-07-14,,,
540,2014-07-15,,,
541,2014-07-16,,,
542,2014-07-17,,,
543,2014-07-18,,,
544,2014-07-21,,,
545,2014-07-22,,,
546,2014-07-23,,,
547,2014-07-24,,,
548,2014-07-25,,,
549,2014-07-28,,,
550,2014-07-29,,,
551,2014-07-30,,,
552,2014-07-31,,,
553,2014-08-01,,,
554,2014-08-04,,,
555,2014-08-05,,,
556,2014-08-06,,,
557,2014-08-07,,,
558,2014-08-08,,,
559,2014-08-11,,,
560,2014-08-12,,,
561,2014-08-13,,,
562,2014-08-14,,,
563,2014-08-15,,,
564,2014-08-18,,,
565,2014-08-19,,,
566,2014-08-20,,,
567,2014-08-21,,,
568,2014-08-22,,,
569,2014-08-25,,,
570,2014-08-26,,,
571,2014-08-27,,,
572,2014-08-28,,,
573,2014-08-29,,,
574,2014-09-02,,,
575,2014-09-03,,,
576,2014-09-04,,,
577,2014-09-05,,,
578,2014-09-08,,,
579,2014-09-09,,,
580,2014-09-10,,,
581,2014-09-11,,,
582,2014-09-12,,,
583,2014-09-15,,,
584,2014-09-16,,,
585,2014-09-17,,,
586,2014-09-18,,,
587,2014-09-19,,,
588,2014-09-22,,,
589,2014-09-23,,,
590,2014-09-24,,,
591,2014-09-25,,,
592,2014-09-26,,,
593,2014-09-29,,,
594,2014-09-30,,,
595,2014-10-01,,,
596,2014-10-02,,,
597,2014-10-03,,,
598,2014-10-06,,,
599,2014-10-07,,,
600,2014-10-08,,,
601,2014-10-09,,,
602,2014-10-10,,,
603,2014-10-13,,,
604,2014-10-14,,,
605,2014-10-15,,,
606,2014-10-16,,,
607,2014-10-17,,,
608,2014-10-20,,,
609,2014-10-21,,,
610,2014-10-22,,,
611,2014-10-23,,,
612,2014-10-24,,,
613,2014-10-27,,,
614,2014-10-28,,,
615,2014-10-29,,,
616,2014-10-30,,,
617,2014-10-31,,,
618,2014-11-03,,,
619,2014-11-04,,,
620,2014-11-05,,,
621,2014-11-06,,,
622,2014-11-07,,,
623,2014-11-10,,,
624,2014-11-11,,,
625,2014-11-12,,,
626,2014-11-13,,,
627,2014-11-14,,,
628,2014-11-17,,,
629,2014-11-18,,,
630,2014-11-19,,,
631,2014-11-20,,,
632,2014-11-21,,,
633,2014-11-24,,,
634,2014-11-25,,,
635,2014-11-26,,,
636,2014-11-28,,,
637,2014-12-01,,,
638,2014-12-02,,,
639,2014-12-03,,,
640,2014-12-04,,,
641,2014-12-05,,,
642,2014-12-08,,,
643,2014-12-09,,,
644,2014-12-10,,,
645,2014-12-11,,,
646,2014-12-12,,,
647,2014-12-15,,,
648,2014-12-16,,,
649,2014-12-17,,,
650,2014-12-18,,,
651,2014-12-19,,,
652,2014-12-22,,,
653,2014-12-23,,,
654,2014-12-24,,,
655,2014-12-26,,,
656,2014-12-29,,,
657,2014-12-30,,,
658,2014-12-31,,,
659,2015-01-02,,,
660,2015-01-05,,,
661,2015-01-06,,,
662,2015-01-07,,,
663,2015-01-08,,,
664,2015-01-09,,,
665,2015-01-12,,,
666,2015-01-13,,,
667,2015-01-14,,,
668,2015-01-15,,,
669,2015-01-16,,,
670,2015-01-20,,,
671,2015-01-21,,,
672,2015-01-22,,,
673,2015-01-23,,,
674,2015-01-26,,,
675,2015-01-27,,,
676,2015-01-28,,,
677,2015-01-29,,,
678,2015-01-30,,,
679,2015-02-02,,,
680,2015-02-03,,,
681,2015-02-04,,,
682,2015-02-05,,,
683,2015-02-06,,,
684,2015-02-09,,,
685,2015-02-10,,,
686,2015-02-11,,,
687,2015-02-12,,,
688,2015-02-13,,,
689,2015-02-17,,,
690,2015-02-18,,,
691,2015-02-19,,,
692,2015-02-20,,,
693,2015-02-23,,,
694,2015-02-24,,,
695,2015-02-25,,,
696,2015-02-26,,,
697,2015-02-27,,,
698,2015-03-02,,,
699,2015-03-03,,,
700,2015-03-04,,,
701,2015-03-05,,,
702,2015-03-06,,,
703,2015-03-09,,,
704,2015-03-10,,,
705,2015-03-11,,,
706,2015-03-12,,,
707,2015-03-13,,,
708,2015-03-16,,,
709,2015-03-17,,,
710,2015-03-18,,,
711,2015-03-19,,,
712,2015-03-20,,,
713,2015-03-23,,,
714,2015-03-24,,,
715,2015-03-25,,,
716,2015-03-26,,,
717,2015-03-27,,,
718,2015-03-30,,,
719,2015-03-31,,,
720,2015-04-01,,,
721,2015-04-02,,,
722,2015-04-06,,,
723,2015-04-07,,,
724,2015-04-08,,,
725,2015-04-09,,,
726,2015-04-10,,,
727,2015-04-13,,,
728,2015-04-14,,,
729,2015-04-15,,,
730,2015-04-16,,,
731,2015-04-17,,,
732,2015-04-20,,,
733,2015-04-21,,,
734,2015-04-22,,,
735,2015-04-23,,,
736,2015-04-24,,,
737,2015-04-27,,,
738,2015-04-28,,,
739,2015-04-29,,,
740,2015-04-30,,,
741,2015-05-01,,,
742,2015-05-04,,,
743,2015-05-05,,,
744,2015-05-06,,,
745,2015-05-07,,,
746,2015-05-08,,,
747,2015-05-11,,,
748,2015-05-12,,,
749,2015-05-13,,,
750,2015-05-14,,,
751,2015-05-15,,,
752,2015-05-18,,,
753,2015-05-19,,,
754,2015-05-20,,,
755,2015-05-21,,,
756,2015-05-22,,,
757,2015-05-26,,,
758,2015-05-27,,,
759,2015-05-28,,,
760,2015-05-29,,,
761,2015-06-01,,,
762,2015-06-02,,,
763,2015-06-03,,,
764,2015-06-04,,,
765,2015-06-05,,,
766,2015-06-08,,,
767,2015-06-09,,,
768,2015-06-10,,,
769,2015-06-11,,,
770,2015-06-12,,,
771,2015-06-15,,,
772,2015-06-16,,,
773,2015-06-17,,,
774,2015-06-18,,,
775,2015-06-19,,,
776,2015-06-22,,,
777,2015-06-23,,,
778,2015-06-24,,,
779,2015-06-25,,,
780,2015-06-26,,,
781,2015-06-29,,,
782,2015-06-30,,,
783,2015-07-01,,,
784,2015-07-02,,,
785,2015-07-06,,,
786,2015-07-07,,,
787,2015-07-08,,,
788,2015-07-09,,,
789,2015-07-10,,,
790,2015-07-13,,,
791,2015-07-14,,,
792,2015-07-15,,,
793,2015-07-16,,,
794,2015-07-17,,,
795,2015-07-20,,,
796,2015-07-21,,,
797,2015-07-22,,,
798,2015-07-23,,,
799,2015-07-24,,,
800,2015-07-27,,,
801,2015-07-28,,,
802,2015-07-29,,,
803,2015-07-30,,,
804,2015-07-31,,,
805,2015-08-03,,,
806,2015-08-04,,,
807,2015-08-05,,,
808,2015-08-06,,,
809,2015-08-07,,,
810,2015-08-10,,,
811,2015-08-11,,,
812,2015-08-12,,,
813,2015-08-13,,,
814,2015-08-14,,,
815,2015-08-17,,,
816,2015-08-18,,,
817,2015-08-19,,,
818,2015-08-20,,,
819,2015-08-21,,,
820,2015-08-24,,,
821,2015-08-25,,,
822,2015-08-26,,,
823,2015-08-27,,,
824,2015-08-28,,,
825,2015-08-31,,,
826,2015-09-01,,,
827,2015-09-02,,,
828,2015-09-03,,,
829,2015-09-04,,,
830,2015-09-08,,,
831,2015-09-09,,,
832,2015-09-10,,,
833,2015-09-11,,,
834,2015-09-14,,,
835,2015-09-15,,,
836,2015-09-16,,,
837,2015-09-17,,,
838,2015-09-18,,,
839,2015-09-21,,,
840,2015-09-22,,,
841,2015-09-23,,,
842,2015-09-24,,,
843,2015-09-25,,,
844,2015-09-28,,,
845,2015-09-29,,,
846,2015-09-30,,,
847,2015-10-01,,,
848,2015-10-02,,,
849,2015-10-05,,,
850,2015-10-06,,,
851,2015-10-07,,,
852,2015-10-08,,,
853,2015-10-09,,,
854,2015-10-12,,,
855,2015-10-13,,,
856,2015-10-14,,,
857,2015-10-15,,,
858,2015-10-16,,,
859,2015-10-19,,,
860,2015-10-20,,,
861,2015-10-21,,,
862,2015-10-22,,,
863,2015-10-23,,,
864,2015-10-26,,,
865,2015-10-27,,,
866,2015-10-28,,,
867,2015-10-29,,,
868,2015-10-30,,,
869,2015-11-02,,,
870,2015-11-03,,,
871,2015-11-04,,,
872,2015-11-05,,,
873,2015-11-06,,,
874,2015-11-09,,,
875,2015-11-10,,,
876,2015-11-11,,,
877,2015-11-12,,,
878,2015-11-13,,,
879,2015-11-16,,,
880,2015-11-17,,,
881,2015-11-18,,,
882,2015-11-19,,,
883,2015-11-20,,,
884,2015-11-23,,,
885,2015-11-24,,,
886,2015-11-25,,,
887,2015-11-27,,,
888,2015-11-30,,,
889,2015-12-01,,,
890,2015-12-02,,,
891,2015-12-03,,,
892,2015-12-04,,,
893,2015-12-07,,,
894,2015-12-08,,,
895,2015-12-09,,,
896,2015-12-10,,,
897,2015-12-11,,,
898,2015-12-14,,,
899,2015-12-15,,,
900,2015-12-16,,,
901,2015-12-17,,,
902,2015-12-18,,,
903,2015-12-21,,,
904,2015-12-22,,,
905,2015-12-23,,,
906,2015-12-24,,,
907,2015-12-28,,,
908,2015-12-29,,,
909,2015-12-30,,,
910,2015-12-31,,,
911,2016-01-04,,,
912,2016-01-05,,,
913,2016-01-06,,,
914,2016-01-07,,,
915,2016-01-08,,,
916,2016-01-11,,,
917,2016-01-12,,,
918,2016-01-13,,,
919,2016-01-14,,,
920,2016-01-15,,,
921,2016-01-19,,,
922,2016-01-20,,,
923,2016-01-21,,,
924,2016-01-22,,,
925,2016-01-25,,,
926,2016-01-26,,,
927,2016-01-27,,,
928,2016-01-28,,,
929,2016-01-29,,,
930,2016-02-01,,,
931,2016-02-02,,,
932,2016-02-03,,,
933,2016-02-04,,,
934,2016-02-05,,,
935,2016-02-08,,,
936,2016-02-09,,,
937,2016-02-10,,,
938,2016-02-11,,,
939,2016-02-12,,,
940,2016-02-16,,,
941,2016-02-17,,,
942,2016-02-18,,,
943,2016-02-19,,,
944,2016-02-22,,,
945,2016-02-23,,,
946,2016-02-24,,,
947,2016-02-25,,,
948,2016-02-26,,,
949,2016-02-29,,,
950,2016-03-01,,,
951,2016-03-02,,,
952,2016-03-03,,,
953,2016-03-04,,,
954,2016-03-07,,,
955,2016-03-08,,,
956,2016-03-09,,,
957,2016-03-10,,,
958,2016-03-11,,,
959,2016-03-14,,,
960,2016-03-15,,,
961,2016-03-16,,,
962,2016-03-17,,,
963,2016-03-18,,,
964,2016-03-21,,,
965,2016-03-22,,,
966,2016-03-23,,,
967,2016-03-24,,,
968,2016-03-28,,,
969,2016-03-29,,,
970,2016-03-30,,,
971,2016-03-31,,,
972,2016-04-01,,,
973,2016-04-04,,,
974,2016-04-05,,,
975,2016-04-06,,,
976,2016-04-07,,,
977,2016-04-08,,,
978,2016-04-11,,,
979,2016-04-12,,,
980,2016-04-13,,,
981,2016-04-14,,,
982,2016-04-15,,,
983,2016-04-18,,,
984,2016-04-19,,,
985,2016-04-20,,,
986,2016-04-21,,,
987,2016-04-22,,,
988,2016-04-25,,,
989,2016-04-26,,,
990,2016-04-27,,,
991,2016-04-28,,,
992,2016-04-29,,,
993,2016-05-02,,,
994,2016-05-03,,,
995,2016-05-04,,,
996,2016-05-05,,,
997,2016-05-06,,,
998,2016-05-09,,,
999,2016-05-10,,,
1000,2016-05-11,,,
1001,2016-05-12,,,
1002,2016-05-13,,,
1003,2016-05-16,,,
1004,2016-05-17,,,
1005,2016-05-18,,,
1006,2016-05-19,,,
1007,2016-05-20,,,
1008,2016-05-23,,,
1009,2016-05-24,,,
1010,2016-05-25,,,
1011,2016-05-26,,,
1012,2016-05-27,,,
1013,2016-05-31,,,
1014,2016-06-01,,,
1015,2016-06-02,,,
1016,2016-06-03,,,
1017,2016-06-06,,,
1018,2016-06-07,,,
1019,2016-06-08,,,
1020,2016-06-09,,,
1021,2016-06-10,,,
1022,2016-06-13,,,
1023,2016-06-14,,,
1024,2016-06-15,,,
1025,2016-06-16,,,
1026,2016-06-17,,,
1027,2016-06-20,,,
1028,2016-06-21,,,
1029,2016-06-22,,,
1030,2016-06-23,,,
1031,2016-06-24,,,
1032,2016-06-27,,,
1033,2016-06-28,,,
1034,2016-06-29,,,
1035,2016-06-30,,,
1036,2016-07-01,,,
1037,2016-07-05,,,
1038,2016-07-06,,,
1039,2016-07-07,,,
1040,2016-07-08,,,
1041,2016-07-11,,,
1042,2016-07-12,,,
1043,2016-07-13,,,
1044,2016-07-14,,,
1045,2016-07-15,,,
1046,2016-07-18,,,
1047,2016-07-19,,,
1048,2016-07-20,,,
1049,2016-07-21,,,
1050,2016-07-22,,,
1051,2016-07-25,,,
1052,2016-07-26,,,
1053,2016-07-27,,,
1054,2016-07-28,,,
1055,2016-07-29,,,
1056,2016-08-01,,,
1057,2016-08-02,,,
1058,2016-08-03,,,
1059,2016-08-04,,,
1060,2016-08-05,,,
1061,2016-08-08,,,
1062,2016-08-09,,,
1063,2016-08-10,,,
1064,2016-08-11,,,
1065,2016-08-12,,,
1066,2016-08-15,,,
1067,2016-08-16,,,
1068,2016-08-17,,,
1069,2016-08-18,,,
1070,2016-08-19,,,
1071,2016-08-22,,,
1072,2016-08-23,,,
1073,2016-08-24,,,
1074,2016-08-25,,,
1075,2016-08-26,,,
1076,2016-08-29,,,
1077,2016-08-30,,,
1078,2016-08-31,,,
1079,2016-09-01,,,
1080,2016-09-02,,,
1081,2016-09-06,,,
1082,2016-09-07,,,
1083,2016-09-08,,,
1084,2016-09-09,,,
1085,2016-09-12,,,
1086,2016-09-13,,,
1087,2016-09-14,,,
1088,2016-09-15,,,
1089,2016-09-16,,,
1090,2016-09-19,,,
1091,2016-09-20,,,
1092,2016-09-21,,,
1093,2016-09-22,,,
1094,2016-09-23,,,
1095,2016-09-26,,,
1096,2016-09-27,,,
1097,2016-09-28,,,
1098,2016-09-29,,,
1099,2016-09-30,,,
1100,2016-10-03,,,
1101,2016-10-04,,,
1102,2016-10-05,,,
1103,2016-10-06,,,
1104,2016-10-07,,,
1105,2016-10-10,,,
1106,2016-10-11,,,
1107,2016-10-12,,,
1108,2016-10-13,,,
1109,2016-10-14,,,
1110,2016-10-17,,,
1111,2016-10-18,,,
1112,2016-10-19,,,
1113,2016-10-20,,,
1114,2016-10-21,,,
1115,2016-10-24,,,
1116,2016-10-25,,,
1117,2016-10-26,,,
1118,2016-10-27,,,
1119,2016-10-28,,,
1120,2016-10-31,,,
1121,2016-11-01,,,
1122,2016-11-02,,,
1123,2016-11-03,,,
1124,2016-11-04,,,
1125,2016-11-07,,,
1126,2016-11-08,,,
1127,2016-11-09,,,
1128,2016-11-10,,,
1129,2016-11-11,,,
1130,2016-11-14,,,
1131,2016-11-15,,,
1132,2016-11-16,,,
1133,2016-11-17,,,
1134,2016-11-18,,,
1135,2016-11-21,,,
1136,2016-11-22,,,
1137,2016-11-23,,,
1138,2016-11-25,,,
1139,2016-11-28,,,
1140,2016-11-29,,,
1141,2016-11-30,,,
1142,2016-12-01,,,
1143,2016-12-02,,,
1144,2016-12-05,,,
1145,2016-12-06,,,
1146,2016-12-07,,,
1147,2016-12-08,,,
1148,2016-12-09,,,
1149,2016-12-12,,,
1150,2016-12-13,,,
1151,2016-12-14,,,
1152,2016-12-15,,,
1153,2016-12-16,,,
1154,2016-12-19,,,
1155,2016-12-20,,,
1156,2016-12-21,,,
1157,2016-12-22,,,
1158,2016-12-23,,,
1159,2016-12-27,,,
1160,2016-12-28,,,
1161,2016-12-29,,,
1162,2016-12-30,,,
1163,2017-01-03,,,
1164,2017-01-04,,,
1165,2017-01-05,,,
1166,2017-01-06,,,
1167,2017-01-09,,,
1168,2017-01-10,,,
1169,2017-01-11,,,
1170,2017-01-12,,,
1171,2017-01-13,,,
1172,2017-01-17,,,
1173,2017-01-18,,,
1174,2017-01-19,,,
1175,2017-01-20,,,
1176,2017-01-23,,,
1177,2017-01-24,,,
1178,2017-01-25,,,
1179,2017-01-26,,,
1180,2017-01-27,,,
1181,2017-01-30,,,
1182,2017-01-31,,,
1183,2017-02-01,,,
1184,2017-02-02,,,
1185,2017-02-03,,,
1186,2017-02-06,,,
1187,2017-02-07,,,
1188,2017-02-08,,,
1189,2017-02-09,,,
1190,2017-02-10,,,
1191,2017-02-13,,,
1192,2017-02-14,,,
1193,2017-02-15,,,
1194,2017-02-16,,,
1195,2017-02-17,,,
1196,2017-02-21,,,
1197,2017-02-22,,,
1198,2017-02-23,,,
1199,2017-02-24,,,
1200,2017-02-27,,,
1201,2017-02-28,,,
1202,2017-03-01,,,
1203,2017-03-02,,,
1204,2017-03-03,,,
1205,2017-03-06,,,
1206,2017-03-07,,,
1207,2017-03-08,,,
1208,2017-03-09,,,
1209,2017-03-10,,,
1210,2017-03-13,,,
1211,2017-03-14,,,
1212,2017-03-15,,,
1213,2017-03-16,,,
1214,2017-03-17,,,
1215,2017-03-20,,,
1216,2017-03-21,,,
1217,2017-03-22,,,
1218,2017-03-23,,,
1219,2017-03-24,,,
1220,2017-03-27,,,
1221,2017-03-28,,,
1222,2017-03-29,,,
1223,2017-03-30,,,
1224,2017-03-31,,,
1225,2017-04-03,,,
1226,2017-04-04,,,
1227,2017-04-05,,,
1228,2017-04-06,,,
1229,2017-04-07,,,
1230,2017-04-10,,,
1231,2017-04-11,,,
1232,2017-04-12,,,
1233,2017-04-13,,,
1234,2017-04-17,,,
1235,2017-04-18,,,
1236,2017-04-19,,,
1237,2017-04-20,,,
1238,2017-04-21,,,
1239,2017-04-24,,,
1240,2017-04-25,,,
1241,2017-04-26,,,
1242,2017-04-27,,,
1243,2017-04-28,,,
1244,2017-05-01,,,
1245,2017-05-02,,,
1246,2017-05-03,,,
1247,2017-05-04,,,
1248,2017-05-05,,,
1249,2017-05-08,,,
1250,2017-05-09,,,
1251,2017-05-10,,,
1252,2017-05-11,,,
1253,2017-05-12,,,
1254,2017-05-15,,,
1255,2017-05-16,,,
1256,2017-05-17,,,
1257,2017-05-18,,,
1258,2017-05-19,,,
1259,2017-05-22,,,
1260,2017-05-23,,,
1261,2017-05-24,,,
1262,2017-05-25,,,
1263,2017-05-26,,,
1264,2017-05-30,,,
1265,2017-05-31,,,
1266,2017-06-01,,,
1267,2017-06-02,,,
1268,2017-06-05,,,
1269,2017-06-06,,,
1270,2017-06-07,,,
1271,2017-06-08,,,
1272,2017-06-09,,,
1273,2017-06-12,,,
1274,2017-06-13,,,
1275,2017-06-14,,,
1276,2017-06-15,,,
1277,2017-06-16,,,
1278,2017-06-19,,,
1279,2017-06-20,,,
1280,2017-06-21,,,
1281,2017-06-22,,,
1282,2017-06-23,,,
1283,2017-06-26,,,
1284,2017-06-27,,,
1285,2017-06-28,,,
1286,2017-06-29,,,
1287,2017-06-30,,,
1288,2017-07-03,,,
1289,2017-07-05,,,
1290,2017-07-06,,,
1291,2017-07-07,,,
1292,2017-07-10,,,
1293,2017-07-11,,,
1294,2017-07-12,,,
1295,2017-07-13,,,
1296,2017-07-14,,,
1297,2017-07-17,,,
1298,2017-07-18,,,
1299,2017-07-19,,,
1300,2017-07-20,,,
1301,2017-07-21,,,
1302,2017-07-24,,,
1303,2017-07-25,,,
1304,2017-07-26,,,
1305,2017-07-27,,,
1306,2017-07-28,,,
1307,2017-07-31,,,
1308,2017-08-01,,,
1309,2017-08-02,,,
1310,2017-08-03,,,
1311,2017-08-04,,,
1312,2017-08-07,,,
1313,2017-08-08,,,
1314,2017-08-09,,,
1315,2017-08-10,,,
1316,2017-08-11,,,
1317,2017-08-14,,,
1318,2017-08-15,,,
1319,2017-08-16,,,
1320,2017-08-17,,,
1321,2017-08-18,,,
1322,2017-08-21,,,
1323,2017-08-22,,,
1324,2017-08-23,,,
1325,2017-08-24,,,
1326,2017-08-25,,,
1327,2017-08-28,,,
1328,2017-08-29,,,
1329,2017-08-30,,,
1330,2017-08-31,,,
1331,2017-09-01,,,
1332,2017-09-05,,,
1333,2017-09-06,,,
1334,2017-09-07,,,
1335,2017-09-08,,,
1336,2017-09-11,,,
1337,2017-09-12,,,
1338,2017-09-13,,,
1339,2017-09-14,,,
1340,2017-09-15,,,
1341,2017-09-18,,,
1342,2017-09-19,,,
1343,2017-09-20,,,
1344,2017-09-21,,,
1345,2017-09-22,,,
1346,2017-09-25,,,
1347,2017-09-26,,,
1348,2017-09-27,,,
1349,2017-09-28,,,
1350,2017-09-29,,,
1351,2017-10-02,,,
1352,2017-10-03,,,
1353,2017-10-04,,,
1354,2017-10-05,,,
1355,2017-10-06,,,
1356,2017-10-09,,,
1357,2017-10-10,,,
1358,2017-10-11,,,
1359,2017-10-12,,,
1360,2017-10-13,,,
1361,2017-10-16,,,
1362,2017-10-17,,,
1363,2017-10-18,,,
1364,2017-10-19,,,
1365,2017-10-20,,,
1366,2017-10-23,,,
1367,2017-10-24,,,
1368,2017-10-25,,,
1369,2017-10-26,,,
1370,2017-10-27,,,
1371,2017-10-30,,,
1372,2017-10-31,,,
1373,2017-11-01,,,
1374,2017-11-02,,,
1375,2017-11-03,,,
1376,2017-11-06,,,
1377,2017-11-07,,,
1378,2017-11-08,,,
1379,2017-11-09,,,
1380,2017-11-10,,,
1381,2017-11-13,,,
1382,2017-11-14,,,
1383,2017-11-15,,,
1384,2017-11-16,,,
1385,2017-11-17,,,
1386,2017-11-20,,,
1387,2017-11-21,,,
1388,2017-11-22,,,
1389,2017-11-24,,,
1390,2017-11-27,,,
1391,2017-11-28,,,
1392,2017-11-29,,,
1393,2017-11-30,,,
1394,2017-12-01,,,
1395,2017-12-04,,,
1396,2017-12-05,,,
1397,2017-12-06,,,
1398,2017-12-07,,,
1399,2017-12-08,,,
1400,2017-12-11,,,
1401,2017-12-12,,,
1402,2017-12-13,,,
1403,2017-12-14,,,
1404,2017-12-15,,,
1405,2017-12-18,,,
1406,2017-12-19,,,
1407,2017-12-20,,,
1408,2017-12-21,,,
1409,2017-12-22,,,
1410,2017-12-26,,,
1411,2017-12-27,,,
1412,2017-12-28,,,
1413,2017-12-29,,,
1414,2018-01-02,,,
1415,2018-01-03,,,
1416,2018-01-04,,,
1417,2018-01-05,,,
1418,2018-01-08,,,
1419,2018-01-09,,,
1420,2018-01-10,,,
1421,2018-01-11,,,
1422,2018-01-12,,,
1423,2018-01-16,,,
1424,2018-01-17,,,
1425,2018-01-18,,,
1426,2018-01-19,,,
1427,2018-01-22,,,
1428,2018-01-23,,,
1429,2018-01-24,,,
1430,2018-01-25,,,
1431,2018-01-26,,,
1432,2018-01-29,,,
1433,2018-01-30,,,
1434,2018-01-31,,,
1435,2018-02-01,,,
1436,2018-02-02,,,
1437,2018-02-05,,,
1438,2018-02-06,,,
1439,2018-02-07,,,
1440,2018-02-08,,,
1441,2018-02-09,,,
1442,2018-02-12,,,
1443,2018-02-13,,,
1444,2018-02-14,,,
1445,2018-02-15,,,
1446,2018-02-16,,,
1447,2018-02-20,,,
1448,2018-02-21,,,
1449,2018-02-22,,,
1450,2018-02-23,,,
1451,2018-02-26,,,
1452,2018-02-27,,,
1453,2018-02-28,,,
1454,2018-03-01,,,
1455,2018-03-02,,,
1456,2018-03-05,,,
1457,2018-03-06,,,
1458,2018-03-07,,,
1459,2018-03-08,,,
1460,2018-03-09,,,
1461,2018-03-12,,,
1462,2018-03-13,,,
1463,2018-03-14,,,
1464,2018-03-15,,,
1465,2018-03-16,,,
1466,2018-03-19,,,
1467,2018-03-20,,,
1468,2018-03-21,,,
1469,2018-03-22,,,
1470,2018-03-23,,,
1471,2018-03-26,,,
1472,2018-03-27,,,
1473,2018-03-28,,,
1474,2018-03-29,,,
1475,2018-04-02,,,
1476,2018-04-03,,,
1477,2018-04-04,,,
1478,2018-04-05,,,
1479,2018-04-06,,,
1480,2018-04-09,,,
1481,2018-04-10,,,
1482,2018-04-11,,,
1483,2018-04-12,,,
1484,2018-04-13,,,
1485,2018-04-16,,,
1486,2018-04-17,,,
1487,2018-04-18,,,
1488,2018-04-19,,,
1489,2018-04-20,,,
1490,2018-04-23,,,
1491,2018-04-24,,,
1492,2018-04-25,,,
1493,2018-04-26,,,
1494,2018-04-27,,,
1495,2018-04-30,,,
1496,2018-05-01,,,
1497,2018-05-02,,,
1498,2018-05-03,,,
1499,2018-05-04,,,
1500,2018-05-07,,,
1501,2018-05-08,,,
1502,2018-05-09,,,
1503,2018-05-10,,,
1504,2018-05-11,,,
1505,2018-05-14,,,
1506,2018-05-15,,,
1507,2018-05-16,,,
1508,2018-05-17,,,
1509,2018-05-18,,,
1510,2018-05-21,,,
1511,2018-05-22,,,
1512,2018-05-23,,,
1513,2018-05-24,,,
1514,2018-05-25,,,
1515,2018-05-29,,,
1516,2018-05-30,,,
1517,2018-05-31,,,
1518,2018-06-01,,,
1519,2018-06-04,,,
1520,2018-06-05,,,
1521,2018-06-06,,,
1522,2018-06-07,,,
1523,2018-06-08,,,
1524,2018-06-11,,,
1525,2018-06-12,,,
1526,2018-06-13,,,
1527,2018-06-14,,,
1528,2018-06-15,,,
1529,2018-06-18,,,
1530,2018-06-19,,,
1531,2018-06-20,,,
1532,2018-06-21,,,
1533,2018-06-22,,,
1534,2018-06-25,,,
1535,2018-06-26,,,
1536,2018-06-27,,,
1537,2018-06-28,,,
1538,2018-06-29,,,
1539,2018-07-02,,,
1540,2018-07-03,,,
1541,2018-07-05,,,
1542,2018-07-06,,,
1543,2018-07-09,,,
1544,2018-07-10,,,
1545,2018-07-11,,,
1546,2018-07-12,,,
1547,2018-07-13,,,
1548,2018-07-16,,,
1549,2018-07-17,,,
1550,2018-07-18,,,
1551,2018-07-19,,,
1552,2018-07-20,,,
1553,2018-07-23,,,
1554,2018-07-24,,,
1555,2018-07-25,,,
1556,2018-07-26,,,
1557,2018-07-27,,,
1558,2018-07-30,,,
1559,2018-07-31,,,
1560,2018-08-01,,,
1561,2018-08-02,,,
1562,2018-08-03,,,
1563,2018-08-06,,,
1564,2018-08-07,,,
1565,2018-08-08,,,
1566,2018-08-09,,,
1567,2018-08-10,,,
1568,2018-08-13,,,
1569,2018-08-14,,,
1570,2018-08-15,,,
1571,2018-08-16,,,
1572,2018-08-17,,,
1573,2018-08-20,,,
1574,2018-08-21,,,
1575,2018-08-22,,,
1576,2018-08-23,,,
1577,2018-08-24,,,
1578,2018-08-27,,,
1579,2018-08-28,,,
1580,2018-08-29,,,
1581,2018-08-30,,,
1582,2018-08-31,,,
1583,2018-09-04,,,
1584,2018-09-05,,,
1585,2018-09-06,,,
1586,2018-09-07,,,
1587,2018-09-10,,,
1588,2018-09-11,,,
1589,2018-09-12,,,
1590,2018-09-13,,,
1591,2018-09-14,,,
1592,2018-09-17,,,
1593,2018-09-18,,,
1594,2018-09-19,,,
1595,2018-09-20,,,
1596,2018-09-21,,,
1597,2018-09-24,,,
1598,2018-09-25,,,
1599,2018-09-26,,,
1600,2018-09-27,,,
1601,2018-09-28,,,
1602,2018-10-01,,,
1603,2018-10-02,,,
1604,2018-10-03,,,
1605,2018-10-04,,,
1606,2018-10-05,,,
1607,2018-10-08,,,
1608,2018-10-09,,,
1609,2018-10-10,,,
1610,2018-10-11,,,
1611,2018-10-12,,,
1612,2018-10-15,,,
1613,2018-10-16,,,
1614,2018-10-17,,,
1615,2018-10-18,,,
1616,2018-10-19,,,
1617,2018-10-22,,,
1618,2018-10-23,,,
1619,2018-10-24,,,
1620,2018-10-25,,,
1621,2018-10-26,,,
1622,2018-10-29,,,
1623,2018-10-30,,,
1624,2018-10-31,,,
1625,2018-11-01,,,
1626,2018-11-02,,,
1627,2018-11-05,,,
1628,2018-11-06,,,
1629,2018-11-07,,,
1630,2018-11-08,,,
1631,2018-11-09,,,
1632,2018-11-12,,,
1633,2018-11-13,,,
1634,2018-11-14,,,
1635,2018-11-15,,,
1636,2018-11-16,,,
1637,2018-11-19,,,
1638,2018-11-20,,,
1639,2018-11-21,,,
1640,2018-11-23,,,
1641,2018-11-26,,,
1642,2018-11-27,,,
1643,2018-11-28,,,
1644,2018-11-29,,,
1645,2018-11-30,,,
1646,2018-12-03,,,
1647,2018-12-04,,,
1648,2018-12-06,,,
1649,2018-12-07,,,
1650,2018-12-10,,,
1651,2018-12-11,,,
1652,2018-12-12,,,
1653,2018-12-13,,,
1654,2018-12-14,,,
1655,2018-12-17,,,
1656,2018-12-18,,,
1657,2018-12-19,,,
1658,2018-12-20,,,
1659,2018-12-21,,,
1660,2018-12-24,,,
1661,2018-12-26,,,
1662,2018-12-27,,,
1663,2018-12-28,,,
1664,2018-12-31,,,
1665,2019-01-02,,,
1666,2019-01-03,,,
1667,2019-01-04,,,
1668,2019-01-07,,,
1669,2019-01-08,,,
1670,2019-01-09,,,
1671,2019-01-10,,,
1672,2019-01-11,,,
1673,2019-01-14,,,
1674,2019-01-15,,,
1675,2019-01-16,,,
1676,2019-01-17,,,
1677,2019-01-18,,,
1678,2019-01-22,,,
1679,2019-01-23,,,
1680,2019-01-24,,,
1681,2019-01-25,,,
1682,2019-01-28,,,
1683,2019-01-29,,,
1684,2019-01-30,,,
1685,2019-01-31,,,
1686,2019-02-01,,,
1687,2019-02-04,,,
1688,2019-02-05,,,
1689,2019-02-06,,,
1690,2019-02-07,,,
1691,2019-02-08,,,
1692,2019-02-11,,,
1693,2019-02-12,,,
1694,2019-02-13,,,
1695,2019-02-14,,,
1696,2019-02-15,,,
1697,2019-02-19,,,
1698,2019-02-20,,,
1699,2019-02-21,,,
1700,2019-02-22,,,
1701,2019-02-25,,,
1702,2019-02-26,,,
1703,2019-02-27,,,
1704,2019-02-28,,,
1705,2019-03-01,,,
1706,2019-03-04,,,
1707,2019-03-05,,,
1708,2019-03-06,,,
1709,2019-03-07,,,
1710,2019-03-08,,,
1711,2019-03-11,,,
1712,2019-03-12,,,
1713,2019-03-13,,,
1714,2019-03-14,,,
1715,2019-03-15,,,
1716,2019-03-18,,,
1717,2019-03-19,,,
1718,2019-03-20,,,
1719,2019-03-21,,,
1720,2019-03-22,,,
1721,2019-03-25,,,
1722,2019-03-26,,,
1723,2019-03-27,,,
1724,2019-03-28,,,
1725,2019-03-29,,,
1726,2019-04-01,,,
1727,2019-04-02,,,
1728,2019-04-03,,,
1729,2019-04-04,,,
1730,2019-04-05,,,
1731,2019-04-08,,,
1732,2019-04-09,,,
1733,2019-04-10,,,
1734,2019-04-11,,,
1735,2019-04-12,,,
1736,2019-04-15,,,
1737,2019-04-16,,,
1738,2019-04-17,,,
1739,2019-04-18,,,
1740,2019-04-22,,,
1741,2019-04-23,,,
1742,2019-04-24,,,
1743,2019-04-25,,,
1744,2019-04-26,,,
1745,2019-04-29,,,
1746,2019-04-30,,,
1747,2019-05-01,,,
1748,2019-05-02,,,
1749,2019-05-03,,,
1750,2019-05-06,,,
1751,2019-05-07,,,
1752,2019-05-08,,,
1753,2019-05-09,,,
1754,2019-05-10,,,
1755,2019-05-13,,,
1756,2019-05-14,,,
1757,2019-05-15,,,
1758,2019-05-16,,,
1759,2019-05-17,,,
1760,2019-05-20,,,
1761,2019-05-21,,,
1762,2019-05-22,,,
1763,2019-05-23,,,
1764,2019-05-24,,,
1765,2019-05-28,,,
1766,2019-05-29,,,
1767,2019-05-30,,,
1768,2019-05-31,,,
1769,2019-06-03,,,
1770,2019-06-04,,,
1771,2019-06-05,,,
1772,2019-06-06,,,
1773,2019-06-07,,,
1774,2019-06-10,,,
1775,2019-06-11,,,
1776,2019-06-12,,,
1777,2019-06-13,,,
1778,2019-06-14,,,
1779,2019-06-17,,,
1780,2019-06-18,,,
1781,2019-06-19,,,
1782,2019-06-20,,,
1783,2019-06-21,,,
1784,2019-06-24,,,
1785,2019-06-25,,,
1786,2019-06-26,,,
1787,2019-06-27,,,
1788,2019-06-28,,,
1789,2019-07-01,,,
1790,2019-07-02,,,
1791,2019-07-03,,,
1792,2019-07-05,,,
1793,2019-07-08,,,
1794,2019-07-09,,,
1795,2019-07-10,,,
1796,2019-07-11,,,
1797,2019-07-12,,,
1798,2019-07-15,,,
1799,2019-07-16,,,
1800,2019-07-17,,,
1801,2019-07-18,,,
1802,2019-07-19,,,
1803,2019-07-22,,,
1804,2019-07-23,,,
1805,2019-07-24,,,
1806,2019-07-25,,,
1807,2019-07-26,,,
1808,2019-07-29,,,
1809,2019-07-30,,,
1810,2019-07-31,,,
1811,2019-08-01,,,
1812,2019-08-02,,,
1813,2019-08-05,,,
1814,2019-08-06,,,
1815,2019-08-07,,,
1816,2019-08-08,,,
1817,2019-08-09,,,
1818,2019-08-12,,,
1819,2019-08-13,,,
1820,2019-08-14,,,
1821,2019-08-15,,,
1822,2019-08-16,,,
1823,2019-08-19,,,
1824,2019-08-20,,,
1825,2019-08-21,,,
1826,2019-08-22,,,
1827,2019-08-23,,,
1828,2019-08-26,,,
1829,2019-08-27,,,
1830,2019-08-28,,,
1831,2019-08-29,,,
1832,2019-08-30,,,
1833,2019-09-03,,,
1834,2019-09-04,,,
1835,2019-09-05,,,
1836,2019-09-06,,,
1837,2019-09-09,,,
1838,2019-09-10,,,
1839,2019-09-11,,,
1840,2019-09-12,,,
1841,2019-09-13,,,
1842,2019-09-16,,,
1843,2019-09-17,,,
1844,2019-09-18,,,
1845,2019-09-19,,,
1846,2019-09-20,,,
1847,2019-09-23,,,
1848,2019-09-24,,,
1849,2019-09-25,,,
1850,2019-09-26,,,
1851,2019-09-27,,,
1852,2019-09-30,,,
1853,2019-10-01,,,
1854,2019-10-02,,,
1855,2019-10-03,,,
1856,2019-10-04,,,
1857,2019-10-07,,,
1858,2019-10-08,,,
1859,2019-10-09,,,
1860,2019-10-10,,,
1861,2019-10-11,,,
1862,2019-10-14,,,
1863,2019-10-15,,,
1864,2019-10-16,,,
1865,2019-10-17,,,
1866,2019-10-18,,,
1867,2019-10-21,,,
1868,2019-10-22,,,
1869,2019-10-23,,,
1870,2019-10-24,,,
1871,2019-10-25,,,
1872,2019-10-28,,,
1873,2019-10-29,,,
1874,2019-10-30,,,
1875,2019-10-31,,,
1876,2019-11-01,,,
1877,2019-11-04,,,
1878,2019-11-05,,,
1879,2019-11-06,,,
1880,2019-11-07,,,
1881,2019-11-08,,,
1882,2019-11-11,,,
1883,2019-11-12,,,
1884,2019-11-13,,,
1885,2019-11-14,,,
1886,2019-11-15,,,
1887,2019-11-18,,,
1888,2019-11-19,,,
1889,2019-11-20,,,
1890,2019-11-21,,,
1891,2019-11-22,,,
1892,2019-11-25,,,
1893,2019-11-26,,,
1894,2019-11-27,,,
1895,2019-11-29,,,
1896,2019-12-02,,,
1897,2019-12-03,,,
1898,2019-12-04,,,
1899,2019-12-05,,,
1900,2019-12-06,,,
1901,2019-12-09,,,
1902,2019-12-10,,,
1903,2019-12-11,,,
1904,2019-12-12,,,
1905,2019-12-13,,,
1906,2019-12-16,,,
1907,2019-12-17,,,
1908,2019-12-18,,,
1909,2019-12-19,,,
1910,2019-12-20,,,
1911,2019-12-23,,,
1912,2019-12-24,,,
1913,2019-12-26,,,
1914,2019-12-27,,,
1915,2019-12-30,,,
1916,2019-12-31,,,
1917,2020-01-02,,,
1918,2020-01-03,,,
1919,2020-01-06,,,
1920,2020-01-07,,,
1921,2020-01-08,,,
1922,2020-01-09,,,
1923,2020-01-10,,,
1924,2020-01-13,,,
1925,2020-01-14,,,
1926,2020-01-15,,,
1927,2020-01-16,,,
1928,2020-01-17,,,
1929,2020-01-21,,,
1930,2020-01-22,,,
1931,2020-01-23,,,
1932,2020-01-24,,,
1933,2020-01-27,,,
1934,2020-01-28,,,
1935,2020-01-29,,,
1936,2020-01-30,,,
1937,2020-01-31,,,
1938,2020-02-03,,,
1939,2020-02-04,,,
1940,2020-02-05,,,
1941,2020-02-06,,,
1942,2020-02-07,,,
1943,2020-02-10,,,
1944,2020-02-11,,,
1945,2020-02-12,,,
1946,2020-02-13,,,
1947,2020-02-14,,,
1948,2020-02-18,,,
1949,2020-02-19,,,
1950,2020-02-20,,,
1951,2020-02-21,,,
1952,2020-02-24,,,
1953,2020-02-25,,,
1954,2020-02-26,,,
1955,2020-02-27,,,
1956,2020-02-28,,,
1957,2020-03-02,,,
1958,2020-03-03,,,
1959,2020-03-04,,,
1960,2020-03-05,,,
1961,2020-03-06,,,
1962,2020-03-09,,,
1963,2020-03-10,,,
1964,2020-03-11,,,
1965,2020-03-12,,,
1966,2020-03-13,,,
1967,2020-03-16,,,
1968,2020-03-17,,,
1969,2020-03-18,,,
1970,2020-03-19,,,
1971,2020-03-20,,,
1972,2020-03-23,,,
1973,2020-03-24,,,
1974,2020-03-25,,,
1975,2020-03-26,,,
1976,2020-03-27,,,
1977,2020-03-30,,,
1978,2020-03-31,,,
1979,2020-04-01,,,
1980,2020-04-02,,,
1981,2020-04-03,,,
1982,2020-04-06,,,
1983,2020-04-07,,,
1984,2020-04-08,,,
1985,2020-04-09,,,
1986,2020-04-13,,,
1987,2020-04-14,,,
1988,2020-04-15,,,
1989,2020-04-16,,,
1990,2020-04-17,,,
1991,2020-04-20,,,
1992,2020-04-21,,,
1993,2020-04-22,,,
1994,2020-04-23,,,
1995,2020-04-24,,,
1996,2020-04-27,,,
1997,2020-04-28,,,
1998,2020-04-29,,,
1999,2020-04-30,,,
2000,2020-05-01,,,
2001,2020-05-04,,,
2002,2020-05-05,,,
2003,2020-05-06,,,
2004,2020-05-07,,,
2005,2020-05-08,,,
2006,2020-05-11,,,
2007,2020-05-12,,,
2008,2020-05-13,,,
2009,2020-05-14,,,
2010,2020-05-15,,,
2011,2020-05-18,,,
2012,2020-05-19,,,
2013,2020-05-20,,,
2014,2020-05-21,,,
2015,2020-05-22,,,
2016,2020-05-26,,,
2017,2020-05-27,,,
2018,2020-05-28,,,
2019,2020-05-29,,,
2020,2020-06-01,,,
2021,2020-06-02,,,
2022,2020-06-03,,,
2023,2020-06-04,,,
2024,2020-06-05,,,
2025,2020-06-08,,,
2026,2020-06-09,,,
2027,2020-06-10,,,
2028,2020-06-11,,,
2029,2020-06-12,,,
2030,2020-06-15,,,
2031,2020-06-16,,,
2032,2020-06-17,,,
2033,2020-06-18,,,
2034,2020-06-19,,,
2035,2020-06-22,,,
2036,2020-06-23,,,
2037,2020-06-24,,,
2038,2020-06-25,,,
2039,2020-06-26,,,
2040,2020-06-29,,,
2041,2020-06-30,,,
2042,2020-07-01,,,
2043,2020-07-02,,,
2044,2020-07-06,,,
2045,2020-07-07,,,
2046,2020-07-08,,,
2047,2020-07-09,,,
2048,2020-07-10,,,
2049,2020-07-13,,,
2050,2020-07-14,,,
2051,2020-07-15,,,
2052,2020-07-16,,,
2053,2020-07-17,,,
2054,2020-07-20,,,
2055,2020-07-21,,,
2056,2020-07-22,,,
2057,2020-07-23,,,
2058,2020-07-24,,,
2059,2020-07-27,,,
2060,2020-07-28,,,
2061,2020-07-29,,,
2062,2020-07-30,,,
2063,2020-07-31,,,
2064,2020-08-03,,,
2065,2020-08-04,,,
2066,2020-08-05,,,
2067,2020-08-06,,,
2068,2020-08-07,,,
2069,2020-08-10,,,
2070,2020-08-11,,,
2071,2020-08-12,,,
2072,2020-08-13,,,
2073,2020-08-14,,,
2074,2020-08-17,,,
2075,2020-08-18,,,
2076,2020-08-19,,,
2077,2020-08-20,,,
2078,2020-08-21,,,
2079,2020-08-24,,,
2080,2020-08-25,,,
2081,2020-08-26,,,
2082,2020-08-27,,,
2083,2020-08-28,,,
2084,2020-08-31,,,
2085,2020-09-01,,,
2086,2020-09-02,,,
2087,2020-09-03,,,
2088,2020-09-04,,,
2089,2020-09-08,,,
2090,2020-09-09,,,
2091,2020-09-10,,,
2092,2020-09-11,,,
2093,2020-09-14,,,
2094,2020-09-15,,,
2095,2020-09-16,,,
2096,2020-09-17,,,
2097,2020-09-18,,,
2098,2020-09-21,,,
2099,2020-09-22,,,
2100,2020-09-23,,,
2101,2020-09-24,,,
2102,2020-09-25,,,
2103,2020-09-28,,,
2104,2020-09-29,,,
2105,2020-09-30,,,
2106,2020-10-01,,,
2107,2020-10-02,,,
2108,2020-10-05,,,
2109,2020-10-06,,,
2110,2020-10-07,,,
2111,2020-10-08,,,
2112,2020-10-09,,,
2113,2020-10-12,,,
2114,2020-10-13,,,
2115,2020-10-14,,,
2116,2020-10-15,,,
2117,2020-10-16,,,
2118,2020-10-19,,,
2119,2020-10-20,,,
2120,2020-10-21,,,
2121,2020-10-22,,,
2122,2020-10-23,,,
2123,2020-10-26,,,
2124,2020-10-27,,,
2125,2020-10-28,,,
2126,2020-10-29,,,
2127,2020-10-30,,,
2128,2020-11-02,,,
2129,2020-11-03,,,
2130,2020-11-04,,,
2131,2020-11-05,,,
2132,2020-11-06,,,
2133,2020-11-09,,,
2134,2020-11-10,,,
2135,2020-11-11,,,
2136,2020-11-12,,,
2137,2020-11-13,,,
2138,2020-11-16,,,
2139,2020-11-17,,,
2140,2020-11-18,,,
2141,2020-11-19,,,
2142,2020-11-20,,,
2143,2020-11-23,,,
2144,2020-11-24,,,
2145,2020-11-25,,,
2146,2020-11-27,,,
2147,2020-11-30,,,
2148,2020-12-01,,,
2149,2020-12-02,,,
2150,2020-12-03,,,
2151,2020-12-04,,,
2152,2020-12-07,,,
2153,2020-12-08,,,
2154,2020-12-09,,,
2155,2020-12-10,,,
2156,2020-12-11,,,
2157,2020-12-14,,,
2158,2020-12-15,,,
2159,2020-12-16,,,
2160,2020-12-17,,,
2161,2020-12-18,,,
2162,2020-12-21,,,
2163,2020-12-22,,,
2164,2020-12-23,,,
2165,2020-12-24,,,
2166,2020-12-28,,,
2167,2020-12-29,,,
2168,2020-12-30,,,
2169,2020-12-31,,,
2170,2021-01-04,,,
2171,2021-01-05,,,
2172,2021-01-06,,,
2173,2021-01-07,,,
2174,2021-01-08,,,
2175,2021-01-11,,,
2176,2021-01-12,,,
2177,2021-01-13,,,
2178,2021-01-14,,,
2179,2021-01-15,,,
2180,2021-01-19,,,
2181,2021-01-20,,,
2182,2021-01-21,,,
2183,2021-01-22,,,
2184,2021-01-25,,,
2185,2021-01-26,,,
2186,2021-01-27,,,
2187,2021-01-28,,,
2188,2021-01-29,,,
2189,2021-02-01,,,
2190,2021-02-02,,,
2191,2021-02-03,,,
2192,2021-02-04,,,
2193,2021-02-05,,,
2194,2021-02-08,,,
2195,2021-02-09,,,
2196,2021-02-10,,,
2197,2021-02-11,,,
2198,2021-02-12,,,
2199,2021-02-16,,,
2200,2021-02-17,,,
2201,2021-02-18,,,
2202,2021-02-19,,,
2203,2021-02-22,,,
2204,2021-02-23,,,
2205,2021-02-24,,,
2206,2021-02-25,,,
2207,2021-02-26,,,
2208,2021-03-01,,,
2209,2021-03-02,,,
2210,2021-03-03,,,
2211,2021-03-04,,,
2212,2021-03-05,,,
2213,2021-03-08,,,
2214,2021-03-09,,,
2215,2021-03-10,,,
2216,2021-03-11,,,
2217,2021-03-12,,,
2218,2021-03-15,,,
2219,2021-03-16,,,
2220,2021-03-17,,,
2221,2021-03-18,,,
2222,2021-03-19,,,
2223,2021-03-22,,,
2224,2021-03-23,,,
2225,2021-03-24,,,
2226,2021-03-25,,,
2227,2021-03-26,,,
2228,2021-03-29,,,
2229,2021-03-30,,,
2230,2021-03-31,,,
2231,2021-04-01,,,
2232,2021-04-05,,,
2233,2021-04-06,,,
2234,2021-04-07,,,
2235,2021-04-08,,,
2236,2021-04-09,,,
2237,2021-04-12,,,
2238,2021-04-13,,,
2239,2021-04-14,,,
2240,2021-04-15,,,
2241,2021-04-16,,,
2242,2021-04-19,,,
2243,2021-04-20,,,
2244,2021-04-21,,,
2245,2021-04-22,,,
2246,2021-04-23,,,
2247,2021-04-26,,,
2248,2021-04-27,,,
2249,2021-04-28,,,
2250,2021-04-29,,,
2251,2021-04-30,,,
2252,2021-05-03,,,
2253,2021-05-04,,,
2254,2021-05-05,,,
2255,2021-05-06,,,
2256,2021-05-07,,,
2257,2021-05-10,,,
2258,2021-05-11,,,
2259,2021-05-12,,,
2260,2021-05-13,,,
2261,2021-05-14,,,
2262,2021-05-17,,,
2263,2021-05-18,,,
2264,2021-05-19,,,
2265,2021-05-20,,,
2266,2021-05-21,,,
2267,2021-05-24,,,
2268,2021-05-25,,,
2269,2021-05-26,,,
2270,2021-05-27,,,
2271,2021-05-28,,,
2272,2021-06-01,,,
2273,2021-06-02,,,
2274,2021-06-03,,,
2275,2021-06-04,,,
2276,2021-06-07,,,
2277,2021-06-08,,,
2278,2021-06-09,,,
2279,2021-06-10,,,
2280,2021-06-11,,,
2281,2021-06-14,,,
2282,2021-06-15,,,
2283,2021-06-16,,,
2284,2021-06-17,,,
2285,2021-06-18,,,
2286,2021-06-21,,,
2287,2021-06-22,,,
2288,2021-06-23,,,
2289,2021-06-24,,,
2290,2021-06-25,,,
2291,2021-06-28,,,
2292,2021-06-29,,,
2293,2021-06-30,,,
2294,2021-07-01,,,
2295,2021-07-02,,,
2296,2021-07-06,,,
2297,2021-07-07,,,
2298,2021-07-08,,,
2299,2021-07-09,,,
2300,2021-07-12,,,
2301,2021-07-13,,,
2302,2021-07-14,,,
2303,2021-07-15,,,
2304,2021-07-16,,,
2305,2021-07-19,,,
2306,2021-07-20,,,
2307,2021-07-21,,,
2308,2021-07-22,,,
2309,2021-07-23,,,
2310,2021-07-26,,,
2311,2021-07-27,,,
2312,2021-07-28,,,
2313,2021-07-29,,,
2314,2021-07-30,,,
2315,2021-08-02,,,
2316,2021-08-03,,,
2317,2021-08-04,,,
2318,2021-08-05,,,
2319,2021-08-06,,,
2320,2021-08-09,,,
2321,2021-08-10,,,
2322,2021-08-11,,,
2323,2021-08-12,,,
2324,2021-08-13,,,
2325,2021-08-16,,,
2326,2021-08-17,,,
2327,2021-08-18,,,
2328,2021-08-19,,,
2329,2021-08-20,,,
2330,2021-08-23,,,
2331,2021-08-24,,,
2332,2021-08-25,,,
2333,2021-08-26,,,
2334,2021-08-27,,,
2335,2021-08-30,,,
2336,2021-08-31,,,
2337,2021-09-01,,,
2338,2021-09-02,,,
2339,2021-09-03,,,
2340,2021-09-07,,,
2341,2021-09-08,,,
2342,2021-09-09,,,
2343,2021-09-10,,,
2344,2021-09-13,,,
2345,2021-09-14,,,
2346,2021-09-15,,,
2347,2021-09-16,,,
2348,2021-09-17,,,
2349,2021-09-20,,,
2350,2021-09-21,,,
2351,2021-09-22,,,
2352,2021-09-23,,,
2353,2021-09-24,,,
2354,2021-09-27,,,
2355,2021-09-28,,,
2356,2021-09-29,,,
2357,2021-09-30,,,
2358,2021-10-01,,,
2359,2021-10-04,,,
2360,2021-10-05,,,
2361,2021-10-06,,,
2362,2021-10-07,,,
2363,2021-10-08,,,
2364,2021-10-11,,,
2365,2021-10-12,,,
2366,2021-10-13,,,
2367,2021-10-14,,,
2368,2021-10-15,,,
2369,2021-10-18,,,
2370,2021-10-19,,,
2371,2021-10-20,,,
2372,2021-10-21,,,
2373,2021-10-22,,,
2374,2021-10-25,,,
2375,2021-10-26,,,
2376,2021-10-27,,,
2377,2021-10-28,,,
2378,2021-10-29,,,
2379,2021-11-01,,,
2380,2021-11-02,,,
2381,2021-11-03,,,
2382,2021-11-04,,,
2383,2021-11-05,,,
2384,2021-11-08,,,
2385,2021-11-09,,,
2386,2021-11-10,,,
2387,2021-11-11,,,
2388,2021-11-12,,,
2389,2021-11-15,,,
2390,2021-11-16,,,
2391,2021-11-17,,,
2392,2021-11-18,,,
2393,2021-11-19,,,
2394,2021-11-22,,,
2395,2021-11-23,,,
2396,2021-11-24,,,
2397,2021-11-26,,,
2398,2021-11-29,,,
2399,2021-11-30,,,
2400,2021-12-01,,,
2401,2021-12-02,,,
2402,2021-12-03,,,
2403,2021-12-06,,,
2404,2021-12-07,,,
2405,2021-12-08,,,
2406,2021-12-09,,,
2407,2021-12-10,,,
2408,2021-12-13,,,
2409,2021-12-14,,,
2410,2021-12-15,,,
2411,2021-12-16,,,
2412,2021-12-17,,,
2413,2021-12-20,,,
2414,2021-12-21,,,
2415,2021-12-22,,,
2416,2021-12-23,,,
2417,2021-12-27,,,
2418,2021-12-28,,,
2419,2021-12-29,,,
2420,2021-12-30,,,
2421,2021-12-31,,,
2422,2022-01-03,,,
2423,2022-01-04,,,
2424,2022-01-05,,,
2425,2022-01-06,,,
2426,2022-01-07,,,
2427,2022-01-10,,,
2428,2022-01-11,,,
2429,2022-01-12,,,
2430,2022-01-13,,,
2431,2022-01-14,,,
2432,2022-01-18,,,
2433,2022-01-19,,,
2434,2022-01-20,,,
2435,2022-01-21,,,
2436,2022-01-24,,,
2437,2022-01-25,,,
2438,2022-01-26,,,
2439,2022-01-27,,,
2440,2022-01-28,,,
2441,2022-01-31,,,
2442,2022-02-01,,,
2443,2022-02-02,,,
2444,2022-02-03,,,
2445,2022-02-04,,,
2446,2022-02-07,,,
2447,2022-02-08,,,
2448,2022-02-09,,,
2449,2022-02-10,,,
2450,2022-02-11,,,
2451,2022-02-14,,,
2452,2022-02-15,,,
2453,2022-02-16,,,
2454,2022-02-17,,,
2455,2022-02-18,,,
2456,2022-02-22,,,
2457,2022-02-23,,,
2458,2022-02-24,,,
2459,2022-02-25,,,
2460,2022-02-28,,,
2461,2022-03-01,,,
2462,2022-03-02,,,
2463,2022-03-03,,,
2464,2022-03-04,,,
2465,2022-03-07,,,
2466,2022-03-08,,,
2467,2022-03-09,,,
2468,2022-03-10,,,
2469,2022-03-11,,,
2470,2022-03-14,,,
2471,2022-03-15,,,
2472,2022-03-16,,,
2473,2022-03-17,,,
2474,2022-03-18,,,
2475,2022-03-21,,,
2476,2022-03-22,,,
2477,2022-03-23,,,
2478,2022-03-24,,,
2479,2022-03-25,,,
2480,2022-03-28,,,
2481,2022-03-29,,,
2482,2022-03-30,,,
2483,2022-03-31,,,
2484,2022-04-01,,,
2485,2022-04-04,,,
2486,2022-04-05,,,
2487,2022-04-06,,,
2488,2022-04-07,,,
2489,2022-04-08,,,
2490,2022-04-11,,,
2491,2022-04-12,,,
2492,2022-04-13,,,
2493,2022-04-14,,,
2494,2022-04-18,,,
2495,2022-04-19,,,
2496,2022-04-20,,,
2497,2022-04-21,,,
2498,2022-04-22,,,
2499,2022-04-25,,,
2500,2022-04-26,,,
2501,2022-04-27,,,
2502,2022-04-28,,,
2503,2022-04-29,,,
2504,2022-05-02,,,
2505,2022-05-03,,,
2506,2022-05-04,,,
2507,2022-05-05,,,
2508,2022-05-06,,,
2509,2022-05-09,,,
2510,2022-05-10,,,
2511,2022-05-11,,,
2512,2022-05-12,,,
2513,2022-05-13,,,
2514,2022-05-16,,,
2515,2022-05-17,,,
2516,2022-05-18,,,
2517,2022-05-19,,,
2518,2022-05-20,,,
2519,2022-05-23,,,
2520,2022-05-24,,,
2521,2022-05-25,,,
2522,2022-05-26,,,
2523,2022-05-27,,,
2524,2022-05-31,,,
2525,2022-06-01,,,
2526,2022-06-02,,,
2527,2022-06-03,,,
2528,2022-06-06,,,
2529,2022-06-07,,,
2530,2022-06-08,,,
2531,2022-06-09,,,
2532,2022-06-10,,,
2533,2022-06-13,,,
2534,2022-06-14,,,
2535,2022-06-15,,,
2536,2022-06-16,,,
2537,2022-06-17,,,
2538,2022-06-21,,,
2539,2022-06-22,,,
2540,2022-06-23,,,
2541,2022-06-24,,,
2542,2022-06-27,,,
2543,2022-06-28,,,
2544,2022-06-29,,,
2545,2022-06-30,,,
2546,2022-07-01,,,
2547,2022-07-05,,,
2548,2022-07-06,,,
2549,2022-07-07,,,
2550,2022-07-08,,,
2551,2022-07-11,,,
2552,2022-07-12,,,
2553,2022-07-13,,,
2554,2022-07-14,,,
2555,2022-07-15,,,
2556,2022-07-18,,,
2557,2022-07-19,,,
2558,2022-07-20,,,
2559,2022-07-21,,,
2560,2022-07-22,,,
2561,2022-07-25,,,
2562,2022-07-26,,,
2563,2022-07-27,,,
2564,2022-07-28,,,
2565,2022-07-29,,,
2566,2022-08-01,,,
2567,2022-08-02,,,
2568,2022-08-03,,,
2569,2022-08-04,,,
2570,2022-08-05,,,
2571,2022-08-08,,,
2572,2022-08-09,,,
2573,2022-08-10,,,
2574,2022-08-11,,,
2575,2022-08-12,,,
2576,2022-08-15,,,
2577,2022-08-16,,,
2578,2022-08-17,,,
2579,2022-08-18,,,
2580,2022-08-19,,,
2581,2022-08-22,,,
2582,2022-08-23,,,
2583,2022-08-24,,,
2584,2022-08-25,,,
2585,2022-08-26,,,
2586,2022-08-29,,,
2587,2022-08-30,,,
2588,2022-08-31,,,
2589,2022-09-01,,,
2590,2022-09-02,,,
2591,2022-09-06,,,
2592,2022-09-07,,,
2593,2022-09-08,,,
2594,2022-09-09,,,
2595,2022-09-12,,,
2596,2022-09-13,,,
2597,2022-09-14,,,
2598,2022-09-15,,,
2599,2022-09-16,,,
2600,2022-09-19,,,
2601,2022-09-20,,,
2602,2022-09-21,,,
2603,2022-09-22,,,
2604,2022-09-23,,,
2605,2022-09-26,,,
2606,2022-09-27,,,
2607,2022-09-28,,,
2608,2022-09-29,,,
2609,2022-09-30,,,
2610,2022-10-03,,,
2611,2022-10-04,,,
2612,2022-10-05,,,
2613,2022-10-06,,,
2614,2022-10-07,,,
2615,2022-10-10,,,
2616,2022-10-11,,,
2617,2022-10-12,,,
2618,2022-10-13,,,
2619,2022-10-14,,,
2620,2022-10-17,,,
2621,2022-10-18,,,
2622,2022-10-19,,,
2623,2022-10-20,,,
2624,2022-10-21,,,
2625,2022-10-24,,,
2626,2022-10-25,,,
2627,2022-10-26,,,
2628,2022-10-27,,,
2629,2022-10-28,,,
2630,2022-10-31,,,
2631,2022-11-01,,,
2632,2022-11-02,,,
2633,2022-11-03,,,
2634,2022-11-04,,,
2635,2022-11-07,,,
2636,2022-11-08,,,
2637,2022-11-09,,,
2638,2022-11-10,,,
2639,2022-11-11,,,
2640,2022-11-14,,,
2641,2022-11-15,,,
2642,2022-11-16,,,
2643,2022-11-17,,,
2644,2022-11-18,,,
2645,2022-11-21,,,
2646,2022-11-22,,,
2647,2022-11-23,,,
2648,2022-11-25,,,
2649,2022-11-28,,,
2650,2022-11-29,,,
2651,2022-11-30,,,
2652,2022-12-01,,,
2653,2022-12-02,,,
2654,2022-12-05,,,
2655,2022-12-06,,,
2656,2022-12-07,,,
2657,2022-12-08,,,
2658,2022-12-09,,,
2659,2022-12-12,,,
2660,2022-12-13,,,
2661,2022-12-14,,,
2662,2022-12-15,,,
2663,2022-12-16,,,
2664,2022-12-19,,,
2665,2022-12-20,,,
2666,2022-12-21,,,
2667,2022-12-22,,,
2668,2022-12-23,,,
2669,2022-12-27,,,
2670,2022-12-28,,,
2671,2022-12-29,,,
2672,2022-12-30,,,
2673,2023-01-03,,,
2674,2023-01-04,,,
2675,2023-01-05,,,
2676,2023-01-06,,,
2677,2023-01-09,,,
2678,2023-01-10,,,
2679,2023-01-11,,,
2680,2023-01-12,,,
2681,2023-01-13,,,
2682,2023-01-17,,,
2683,2023-01-18,,,
2684,2023-01-19,,,
2685,2023-01-20,,,
2686,2023-01-23,,,
2687,2023-01-24,,,
2688,2023-01-25,,,
2689,2023-01-26,,,
2690,2023-01-27,,,
2691,2023-01-30,,,
2692,2023-01-31,,,
2693,2023-02-01,,,
2694,2023-02-02,,,
2695,2023-02-03,,,
2696,2023-02-06,,,
2697,2023-02-07,,,
2698,2023-02-08,,,
2699,2023-02-09,,,
2700,2023-02-10,,,
2701,2023-02-13,,,
2702,2023-02-14,,,
2703,2023-02-15,,,
2704,2023-02-16,,,
2705,2023-02-17,,,
2706,2023-02-21,,,
2707,2023-02-22,,,
2708,2023-02-23,,,
2709,2023-02-24,,,
2710,2023-02-27,,,
2711,2023-02-28,,,
2712,2023-03-01,,,
2713,2023-03-02,,,
2714,2023-03-03,,,
2715,2023-03-06,,,
2716,2023-03-07,,,
2717,2023-03-08,,,
2718,2023-03-09,,,
2719,2023-03-10,,,
2720,2023-03-13,,,
2721,2023-03-14,,,
2722,2023-03-15,,,
2723,2023-03-16,,,
2724,2023-03-17,,,
2725,2023-03-20,,,
2726,2023-03-21,,,
2727,2023-03-22,,,
2728,2023-03-23,,,
2729,2023-03-24,,,
2730,2023-03-27,,,
2731,2023-03-28,,,
2732,2023-03-29,,,
2733,2023-03-30,,,
2734,2023-03-31,,,
2735,2023-04-03,,,
2736,2023-04-04,,,
2737,2023-04-05,,,
2738,2023-04-06,,,
2739,2023-04-10,,,
2740,2023-04-11,,,
2741,2023-04-12,,,
2742,2023-04-13,,,
2743,2023-04-14,,,
2744,2023-04-17,,,
2745,2023-04-18,,,
2746,2023-04-19,,,
2747,2023-04-20,,,
2748,2023-04-21,,,
2749,2023-04-24,,,
2750,2023-04-25,,,
2751,2023-04-26,,,
2752,2023-04-27,,,
2753,2023-04-28,,,
2754,2023-05-01,,,
2755,2023-05-02,,,
2756,2023-05-03,,,
2757,2023-05-04,,,
2758,2023-05-05,,,
2759,2023-05-08,,,
2760,2023-05-09,,,
2761,2023-05-10,,,
2762,2023-05-11,,,
2763,2023-05-12,,,
2764,2023-05-15,,,
2765,2023-05-16,,,
2766,2023-05-17,,,
2767,2023-05-18,,,
2768,2023-05-19,,,
2769,2023-05-22,,,
2770,2023-05-23,,,
2771,2023-05-24,,,
2772,2023-05-25,,,
2773,2023-05-26,,,
2774,2023-05-27,,,
2775,2023-05-28,,,
2776,2023-05-29,,,
2777,2023-05-30,,,
2778,2023-05-31,,,
2779,2023-06-01,,,
2780,2023-06-02,,,
2781,2023-06-03,,,
2782,2023-06-04,,,
2783,2023-06-05,,,
2784,2023-06-06,,,
2785,2023-06-07,,,
2786,2023-06-08,,,
2787,2023-06-09,,,
2788,2023-06-10,,,
2789,2023-06-11,,,
2790,2023-06-12,,,
2791,2023-06-13,,,
2792,2023-06-14,,,
2793,2023-06-15,,,
2794,2023-06-16,,,
2795,2023-06-17,,,
2796,2023-06-18,,,
